{"cameraMode":{"drawMode":0,"name":"Shaded","section":"Shading Mode"},"sceneLighting":false,"audioPlay":false,"sceneViewState":{"showFog":true,"showMaterialUpdate":false,"showSkybox":false,"showFlares":true,"showImageEffects":true,"showParticleSystems":true,"showVisualEffectGraphs":true,"m_FxEnabled":true},"in2DMode":false,"pivot":{"x":-0.49205780029296877,"y":10.977323532104493,"z":-13.579015731811524},"rotation":{"x":-0.17047841846942902,"y":0.2334502786397934,"z":-0.041634660214185718,"w":-0.9564369320869446},"size":2.241076946258545,"orthographic":false}