{"cameraMode":{"drawMode":0,"name":"Shaded","section":"Shading Mode"},"sceneLighting":true,"audioPlay":false,"sceneViewState":{"showFog":true,"showMaterialUpdate":false,"showSkybox":true,"showFlares":true,"showImageEffects":true,"showParticleSystems":true,"showVisualEffectGraphs":true,"m_FxEnabled":true},"in2DMode":false,"pivot":{"x":5.356245994567871,"y":9.755411148071289,"z":5.4856462478637699},"rotation":{"x":0.052470263093709949,"y":0.01647784374654293,"z":-0.0008533283835276961,"w":0.9985025525093079},"size":7.9755072593688969,"orthographic":false}